author,n_models,downloads_all_time
onecxi,9,2029219
drbaph,5,591406
Twitter,2,532731
michaelfeil,8,393190
Unbabel,24,360025
Casual-Autopsy,1,316450
beademiguelperez,1,300878
agentlans,10,300734
huihui-ai,4,287866
severinsimmler,2,279077
DavidAU,9,271453
opensearch-project,1,256259
Hiveurban,2,255644
OrcaDB,1,247848
ModelSpace,4,238719
FriendliAI,9,221552
Orion-zhen,4,221430
neulab,4,213586
zenmagnets,1,205721
CISCai,5,197227
xkeyC,2,197168
cointegrated,1,195224
winstxnhdw,1,177240
izhx,4,174514
autopilot-ai,2,167144
NeuralNotwerk,2,166087
onnx-community,52,164776
lang-uk,1,142795
FrontiersMind,9,138239
OpenVINO,19,130312
SnypzZz,1,108760
jeffwan,1,108668
Xenova,1,106947
PocketDoc,2,102406
thelamapi,9,99666
bullerwins,25,99281
ToxicityPrompts,3,95741
alan-turing-institute,1,90051
matrixportalx,42,87924
ggml-org,2,87827
adeelahmad,1,86536
mudler,1,81774
gaianet,7,77931
UCODE,1,76248
guardion,1,75627
zdy1995love,1,75225
nlpodyssey,2,73895
bababababooey,3,72903
dominguesm,1,72638
dealignai,2,71878
LondonStory,1,70795
unum-cloud,2,69890
impresso-project,2,69004
ionos,2,67184
haoranxu,3,65371
Tower-Babel,4,64667
agemagician,3,61438
llmfan46,6,59603
leafspark,4,59048
Tomlim,3,57616
SoybeanMilk,2,57351
aufklarer,18,56851
AMAImedia,21,55768
prithivMLmods,24,53915
studio-ousia,4,53645
lokas,1,53601
desert-ant-labs,3,53593
lightblue,8,52564
DAMO-NLP-SG,1,52251
backyardai,5,50357
jartine,1,49283
vonjack,2,48464
mobilint,17,48454
ATH-MaaS,6,47986
jiangchengchengNLP,2,47030
julian-schelb,1,46877
LLaMAX,9,46696
iqbalamo93,1,45728
JustFrederik,16,45466
jncraton,8,43712
mykor,9,43398
joshnader,2,42100
large-traversaal,4,41845
igorsterner,1,41094
apolloparty,1,40365
ModelCloud,5,40073
furiosa-ai,5,38774
neurlang,6,37961
openfree,10,37503
jc-builds,2,37399
BanglaLLM,23,37312
Mike0307,1,36630
model-attribution-challenge,3,36319
BidirLM,9,35736
Lamapi,41,35329
TheStageAI,3,34942
MintplexLabs,1,34728
qwp4w3hyb,2,33684
kcoopermiller,1,32935
ai4privacy,2,32286
